{
  "HTTP请求" : {
    "transaction" : "HTTP请求",
    "sampleCount" : 1000,
    "errorCount" : 644,
    "errorPct" : 64.4,
    "meanResTime" : 16.868,
    "medianResTime" : 1.0,
    "minResTime" : 0.0,
    "maxResTime" : 72.0,
    "pct1ResTime" : 52.0,
    "pct2ResTime" : 57.0,
    "pct3ResTime" : 65.99000000000001,
    "throughput" : 886.5248226950354,
    "receivedKBytesPerSec" : 1573.5296154698583,
    "sentKBytesPerSec" : 69.9627382535461
  },
  "Total" : {
    "transaction" : "Total",
    "sampleCount" : 1000,
    "errorCount" : 644,
    "errorPct" : 64.4,
    "meanResTime" : 16.868,
    "medianResTime" : 1.0,
    "minResTime" : 0.0,
    "maxResTime" : 72.0,
    "pct1ResTime" : 52.0,
    "pct2ResTime" : 57.0,
    "pct3ResTime" : 65.99000000000001,
    "throughput" : 886.5248226950354,
    "receivedKBytesPerSec" : 1573.5296154698583,
    "sentKBytesPerSec" : 69.9627382535461
  }
}